user_id,song_id,title,artist,mood
user_1,song_100,Title 100,Artist 17,Happy
user_1,song_108,Title 108,Artist 4,Happy
user_1,song_110,Title 110,Artist 45,Happy
user_10,song_100,Title 100,Artist 17,Happy
user_10,song_108,Title 108,Artist 4,Happy
user_10,song_110,Title 110,Artist 45,Happy
user_100,song_100,Title 100,Artist 17,Happy
user_100,song_108,Title 108,Artist 4,Happy
user_100,song_110,Title 110,Artist 45,Happy
user_101,song_100,Title 100,Artist 17,Happy
user_101,song_108,Title 108,Artist 4,Happy
user_101,song_110,Title 110,Artist 45,Happy
user_102,song_100,Title 100,Artist 17,Happy
user_102,song_108,Title 108,Artist 4,Happy
user_102,song_110,Title 110,Artist 45,Happy
user_103,song_100,Title 100,Artist 17,Happy
user_103,song_108,Title 108,Artist 4,Happy
user_103,song_110,Title 110,Artist 45,Happy
user_104,song_100,Title 100,Artist 17,Happy
user_104,song_108,Title 108,Artist 4,Happy
user_104,song_110,Title 110,Artist 45,Happy
user_105,song_100,Title 100,Artist 17,Happy
user_105,song_108,Title 108,Artist 4,Happy
user_105,song_110,Title 110,Artist 45,Happy
user_106,song_100,Title 100,Artist 17,Happy
user_106,song_108,Title 108,Artist 4,Happy
user_106,song_110,Title 110,Artist 45,Happy
user_107,song_100,Title 100,Artist 17,Happy
user_107,song_108,Title 108,Artist 4,Happy
user_107,song_110,Title 110,Artist 45,Happy
user_108,song_100,Title 100,Artist 17,Happy
user_108,song_108,Title 108,Artist 4,Happy
user_108,song_110,Title 110,Artist 45,Happy
user_109,song_100,Title 100,Artist 17,Happy
user_109,song_108,Title 108,Artist 4,Happy
user_109,song_110,Title 110,Artist 45,Happy
user_11,song_100,Title 100,Artist 17,Happy
user_11,song_108,Title 108,Artist 4,Happy
user_11,song_110,Title 110,Artist 45,Happy
user_110,song_100,Title 100,Artist 17,Happy
user_110,song_108,Title 108,Artist 4,Happy
user_110,song_110,Title 110,Artist 45,Happy
user_111,song_100,Title 100,Artist 17,Happy
user_111,song_108,Title 108,Artist 4,Happy
user_111,song_110,Title 110,Artist 45,Happy
user_112,song_100,Title 100,Artist 17,Happy
user_112,song_108,Title 108,Artist 4,Happy
user_112,song_110,Title 110,Artist 45,Happy
user_113,song_100,Title 100,Artist 17,Happy
user_113,song_108,Title 108,Artist 4,Happy
user_113,song_110,Title 110,Artist 45,Happy
user_114,song_100,Title 100,Artist 17,Happy
user_114,song_108,Title 108,Artist 4,Happy
user_114,song_110,Title 110,Artist 45,Happy
user_115,song_100,Title 100,Artist 17,Happy
user_115,song_108,Title 108,Artist 4,Happy
user_115,song_110,Title 110,Artist 45,Happy
user_116,song_100,Title 100,Artist 17,Happy
user_116,song_108,Title 108,Artist 4,Happy
user_116,song_110,Title 110,Artist 45,Happy
user_117,song_100,Title 100,Artist 17,Happy
user_117,song_108,Title 108,Artist 4,Happy
user_117,song_110,Title 110,Artist 45,Happy
user_118,song_100,Title 100,Artist 17,Happy
user_118,song_108,Title 108,Artist 4,Happy
user_118,song_110,Title 110,Artist 45,Happy
user_119,song_100,Title 100,Artist 17,Happy
user_119,song_108,Title 108,Artist 4,Happy
user_119,song_110,Title 110,Artist 45,Happy
user_12,song_100,Title 100,Artist 17,Happy
user_12,song_108,Title 108,Artist 4,Happy
user_12,song_110,Title 110,Artist 45,Happy
user_120,song_100,Title 100,Artist 17,Happy
user_120,song_108,Title 108,Artist 4,Happy
user_120,song_110,Title 110,Artist 45,Happy
user_121,song_100,Title 100,Artist 17,Happy
user_121,song_108,Title 108,Artist 4,Happy
user_121,song_110,Title 110,Artist 45,Happy
user_122,song_100,Title 100,Artist 17,Happy
user_122,song_108,Title 108,Artist 4,Happy
user_122,song_110,Title 110,Artist 45,Happy
user_123,song_100,Title 100,Artist 17,Happy
user_123,song_108,Title 108,Artist 4,Happy
user_123,song_110,Title 110,Artist 45,Happy
user_125,song_100,Title 100,Artist 17,Happy
user_125,song_108,Title 108,Artist 4,Happy
user_125,song_110,Title 110,Artist 45,Happy
user_126,song_100,Title 100,Artist 17,Happy
user_126,song_108,Title 108,Artist 4,Happy
user_126,song_110,Title 110,Artist 45,Happy
user_127,song_100,Title 100,Artist 17,Happy
user_127,song_108,Title 108,Artist 4,Happy
user_127,song_110,Title 110,Artist 45,Happy
user_128,song_100,Title 100,Artist 17,Happy
user_128,song_108,Title 108,Artist 4,Happy
user_128,song_110,Title 110,Artist 45,Happy
user_129,song_100,Title 100,Artist 17,Happy
user_129,song_108,Title 108,Artist 4,Happy
user_129,song_110,Title 110,Artist 45,Happy
user_13,song_100,Title 100,Artist 17,Happy
user_13,song_108,Title 108,Artist 4,Happy
user_13,song_110,Title 110,Artist 45,Happy
user_130,song_100,Title 100,Artist 17,Happy
user_130,song_108,Title 108,Artist 4,Happy
user_130,song_110,Title 110,Artist 45,Happy
user_131,song_100,Title 100,Artist 17,Happy
user_131,song_108,Title 108,Artist 4,Happy
user_131,song_110,Title 110,Artist 45,Happy
user_132,song_100,Title 100,Artist 17,Happy
user_132,song_108,Title 108,Artist 4,Happy
user_132,song_110,Title 110,Artist 45,Happy
user_133,song_100,Title 100,Artist 17,Happy
user_133,song_108,Title 108,Artist 4,Happy
user_133,song_110,Title 110,Artist 45,Happy
user_134,song_100,Title 100,Artist 17,Happy
user_134,song_108,Title 108,Artist 4,Happy
user_134,song_110,Title 110,Artist 45,Happy
user_135,song_100,Title 100,Artist 17,Happy
user_135,song_108,Title 108,Artist 4,Happy
user_135,song_110,Title 110,Artist 45,Happy
user_136,song_100,Title 100,Artist 17,Happy
user_136,song_108,Title 108,Artist 4,Happy
user_136,song_110,Title 110,Artist 45,Happy
user_137,song_100,Title 100,Artist 17,Happy
user_137,song_108,Title 108,Artist 4,Happy
user_137,song_110,Title 110,Artist 45,Happy
user_138,song_100,Title 100,Artist 17,Happy
user_138,song_108,Title 108,Artist 4,Happy
user_138,song_110,Title 110,Artist 45,Happy
user_139,song_100,Title 100,Artist 17,Happy
user_139,song_108,Title 108,Artist 4,Happy
user_139,song_110,Title 110,Artist 45,Happy
user_14,song_100,Title 100,Artist 17,Happy
user_14,song_108,Title 108,Artist 4,Happy
user_14,song_110,Title 110,Artist 45,Happy
user_140,song_100,Title 100,Artist 17,Happy
user_140,song_108,Title 108,Artist 4,Happy
user_140,song_110,Title 110,Artist 45,Happy
user_141,song_100,Title 100,Artist 17,Happy
user_141,song_108,Title 108,Artist 4,Happy
user_141,song_110,Title 110,Artist 45,Happy
user_142,song_100,Title 100,Artist 17,Happy
user_142,song_108,Title 108,Artist 4,Happy
user_142,song_110,Title 110,Artist 45,Happy
user_143,song_100,Title 100,Artist 17,Happy
user_143,song_108,Title 108,Artist 4,Happy
user_143,song_110,Title 110,Artist 45,Happy
user_144,song_100,Title 100,Artist 17,Happy
user_144,song_108,Title 108,Artist 4,Happy
user_144,song_110,Title 110,Artist 45,Happy
user_145,song_100,Title 100,Artist 17,Happy
user_145,song_108,Title 108,Artist 4,Happy
user_145,song_110,Title 110,Artist 45,Happy
user_146,song_100,Title 100,Artist 17,Happy
user_146,song_108,Title 108,Artist 4,Happy
user_146,song_110,Title 110,Artist 45,Happy
user_147,song_100,Title 100,Artist 17,Happy
user_147,song_108,Title 108,Artist 4,Happy
user_147,song_110,Title 110,Artist 45,Happy
user_148,song_100,Title 100,Artist 17,Happy
user_148,song_108,Title 108,Artist 4,Happy
user_148,song_110,Title 110,Artist 45,Happy
user_149,song_100,Title 100,Artist 17,Happy
user_149,song_108,Title 108,Artist 4,Happy
user_149,song_110,Title 110,Artist 45,Happy
user_15,song_100,Title 100,Artist 17,Happy
user_15,song_108,Title 108,Artist 4,Happy
user_15,song_110,Title 110,Artist 45,Happy
user_150,song_100,Title 100,Artist 17,Happy
user_150,song_108,Title 108,Artist 4,Happy
user_150,song_110,Title 110,Artist 45,Happy
user_151,song_100,Title 100,Artist 17,Happy
user_151,song_108,Title 108,Artist 4,Happy
user_151,song_110,Title 110,Artist 45,Happy
user_152,song_100,Title 100,Artist 17,Happy
user_152,song_108,Title 108,Artist 4,Happy
user_152,song_110,Title 110,Artist 45,Happy
user_153,song_100,Title 100,Artist 17,Happy
user_153,song_108,Title 108,Artist 4,Happy
user_153,song_110,Title 110,Artist 45,Happy
user_154,song_100,Title 100,Artist 17,Happy
user_154,song_108,Title 108,Artist 4,Happy
user_154,song_110,Title 110,Artist 45,Happy
user_155,song_100,Title 100,Artist 17,Happy
user_155,song_108,Title 108,Artist 4,Happy
user_155,song_110,Title 110,Artist 45,Happy
user_156,song_100,Title 100,Artist 17,Happy
user_156,song_108,Title 108,Artist 4,Happy
user_156,song_110,Title 110,Artist 45,Happy
user_157,song_100,Title 100,Artist 17,Happy
user_157,song_108,Title 108,Artist 4,Happy
user_157,song_110,Title 110,Artist 45,Happy
user_158,song_100,Title 100,Artist 17,Happy
user_158,song_108,Title 108,Artist 4,Happy
user_158,song_110,Title 110,Artist 45,Happy
user_159,song_100,Title 100,Artist 17,Happy
user_159,song_108,Title 108,Artist 4,Happy
user_159,song_110,Title 110,Artist 45,Happy
user_16,song_100,Title 100,Artist 17,Happy
user_16,song_108,Title 108,Artist 4,Happy
user_16,song_110,Title 110,Artist 45,Happy
user_160,song_100,Title 100,Artist 17,Happy
user_160,song_108,Title 108,Artist 4,Happy
user_160,song_110,Title 110,Artist 45,Happy
user_162,song_100,Title 100,Artist 17,Happy
user_162,song_108,Title 108,Artist 4,Happy
user_162,song_110,Title 110,Artist 45,Happy
user_163,song_100,Title 100,Artist 17,Happy
user_163,song_108,Title 108,Artist 4,Happy
user_163,song_110,Title 110,Artist 45,Happy
user_164,song_100,Title 100,Artist 17,Happy
user_164,song_108,Title 108,Artist 4,Happy
user_164,song_110,Title 110,Artist 45,Happy
user_165,song_100,Title 100,Artist 17,Happy
user_165,song_108,Title 108,Artist 4,Happy
user_165,song_110,Title 110,Artist 45,Happy
user_166,song_100,Title 100,Artist 17,Happy
user_166,song_108,Title 108,Artist 4,Happy
user_166,song_110,Title 110,Artist 45,Happy
user_167,song_100,Title 100,Artist 17,Happy
user_167,song_108,Title 108,Artist 4,Happy
user_167,song_110,Title 110,Artist 45,Happy
user_168,song_100,Title 100,Artist 17,Happy
user_168,song_108,Title 108,Artist 4,Happy
user_168,song_110,Title 110,Artist 45,Happy
user_169,song_100,Title 100,Artist 17,Happy
user_169,song_108,Title 108,Artist 4,Happy
user_169,song_110,Title 110,Artist 45,Happy
user_17,song_100,Title 100,Artist 17,Happy
user_17,song_108,Title 108,Artist 4,Happy
user_17,song_110,Title 110,Artist 45,Happy
user_170,song_100,Title 100,Artist 17,Happy
user_170,song_108,Title 108,Artist 4,Happy
user_170,song_110,Title 110,Artist 45,Happy
user_171,song_100,Title 100,Artist 17,Happy
user_171,song_108,Title 108,Artist 4,Happy
user_171,song_110,Title 110,Artist 45,Happy
user_172,song_100,Title 100,Artist 17,Happy
user_172,song_108,Title 108,Artist 4,Happy
user_172,song_110,Title 110,Artist 45,Happy
user_173,song_100,Title 100,Artist 17,Happy
user_173,song_108,Title 108,Artist 4,Happy
user_173,song_110,Title 110,Artist 45,Happy
user_174,song_100,Title 100,Artist 17,Happy
user_174,song_108,Title 108,Artist 4,Happy
user_174,song_110,Title 110,Artist 45,Happy
user_175,song_100,Title 100,Artist 17,Happy
user_175,song_108,Title 108,Artist 4,Happy
user_175,song_110,Title 110,Artist 45,Happy
user_176,song_100,Title 100,Artist 17,Happy
user_176,song_108,Title 108,Artist 4,Happy
user_176,song_110,Title 110,Artist 45,Happy
user_177,song_100,Title 100,Artist 17,Happy
user_177,song_108,Title 108,Artist 4,Happy
user_177,song_110,Title 110,Artist 45,Happy
user_178,song_100,Title 100,Artist 17,Happy
user_178,song_108,Title 108,Artist 4,Happy
user_178,song_110,Title 110,Artist 45,Happy
user_179,song_100,Title 100,Artist 17,Happy
user_179,song_108,Title 108,Artist 4,Happy
user_179,song_110,Title 110,Artist 45,Happy
user_18,song_100,Title 100,Artist 17,Happy
user_18,song_108,Title 108,Artist 4,Happy
user_18,song_110,Title 110,Artist 45,Happy
user_180,song_100,Title 100,Artist 17,Happy
user_180,song_108,Title 108,Artist 4,Happy
user_180,song_110,Title 110,Artist 45,Happy
user_181,song_100,Title 100,Artist 17,Happy
user_181,song_108,Title 108,Artist 4,Happy
user_181,song_110,Title 110,Artist 45,Happy
user_182,song_100,Title 100,Artist 17,Happy
user_182,song_108,Title 108,Artist 4,Happy
user_182,song_110,Title 110,Artist 45,Happy
user_183,song_100,Title 100,Artist 17,Happy
user_183,song_108,Title 108,Artist 4,Happy
user_183,song_110,Title 110,Artist 45,Happy
user_184,song_100,Title 100,Artist 17,Happy
user_184,song_108,Title 108,Artist 4,Happy
user_184,song_110,Title 110,Artist 45,Happy
user_185,song_100,Title 100,Artist 17,Happy
user_185,song_108,Title 108,Artist 4,Happy
user_185,song_110,Title 110,Artist 45,Happy
user_186,song_100,Title 100,Artist 17,Happy
user_186,song_108,Title 108,Artist 4,Happy
user_186,song_110,Title 110,Artist 45,Happy
user_187,song_100,Title 100,Artist 17,Happy
user_187,song_108,Title 108,Artist 4,Happy
user_187,song_110,Title 110,Artist 45,Happy
user_188,song_100,Title 100,Artist 17,Happy
user_188,song_108,Title 108,Artist 4,Happy
user_188,song_110,Title 110,Artist 45,Happy
user_189,song_100,Title 100,Artist 17,Happy
user_189,song_108,Title 108,Artist 4,Happy
user_189,song_110,Title 110,Artist 45,Happy
user_19,song_100,Title 100,Artist 17,Happy
user_19,song_108,Title 108,Artist 4,Happy
user_19,song_110,Title 110,Artist 45,Happy
user_190,song_100,Title 100,Artist 17,Happy
user_190,song_108,Title 108,Artist 4,Happy
user_190,song_110,Title 110,Artist 45,Happy
user_191,song_100,Title 100,Artist 17,Happy
user_191,song_108,Title 108,Artist 4,Happy
user_191,song_110,Title 110,Artist 45,Happy
user_192,song_100,Title 100,Artist 17,Happy
user_192,song_108,Title 108,Artist 4,Happy
user_192,song_110,Title 110,Artist 45,Happy
user_193,song_100,Title 100,Artist 17,Happy
user_193,song_108,Title 108,Artist 4,Happy
user_193,song_110,Title 110,Artist 45,Happy
user_194,song_100,Title 100,Artist 17,Happy
user_194,song_108,Title 108,Artist 4,Happy
user_194,song_110,Title 110,Artist 45,Happy
user_195,song_100,Title 100,Artist 17,Happy
user_195,song_108,Title 108,Artist 4,Happy
user_195,song_110,Title 110,Artist 45,Happy
user_196,song_100,Title 100,Artist 17,Happy
user_196,song_108,Title 108,Artist 4,Happy
user_196,song_110,Title 110,Artist 45,Happy
user_197,song_100,Title 100,Artist 17,Happy
user_197,song_108,Title 108,Artist 4,Happy
user_197,song_110,Title 110,Artist 45,Happy
user_198,song_100,Title 100,Artist 17,Happy
user_198,song_108,Title 108,Artist 4,Happy
user_198,song_110,Title 110,Artist 45,Happy
user_199,song_100,Title 100,Artist 17,Happy
user_199,song_108,Title 108,Artist 4,Happy
user_199,song_110,Title 110,Artist 45,Happy
user_2,song_100,Title 100,Artist 17,Happy
user_2,song_108,Title 108,Artist 4,Happy
user_2,song_110,Title 110,Artist 45,Happy
user_20,song_100,Title 100,Artist 17,Happy
user_20,song_108,Title 108,Artist 4,Happy
user_20,song_110,Title 110,Artist 45,Happy
user_200,song_100,Title 100,Artist 17,Happy
user_200,song_108,Title 108,Artist 4,Happy
user_200,song_110,Title 110,Artist 45,Happy
user_21,song_100,Title 100,Artist 17,Happy
user_21,song_108,Title 108,Artist 4,Happy
user_21,song_110,Title 110,Artist 45,Happy
user_22,song_100,Title 100,Artist 17,Happy
user_22,song_108,Title 108,Artist 4,Happy
user_22,song_110,Title 110,Artist 45,Happy
user_23,song_100,Title 100,Artist 17,Happy
user_23,song_108,Title 108,Artist 4,Happy
user_23,song_110,Title 110,Artist 45,Happy
user_24,song_100,Title 100,Artist 17,Happy
user_24,song_108,Title 108,Artist 4,Happy
user_24,song_110,Title 110,Artist 45,Happy
user_25,song_100,Title 100,Artist 17,Happy
user_25,song_108,Title 108,Artist 4,Happy
user_25,song_110,Title 110,Artist 45,Happy
user_26,song_100,Title 100,Artist 17,Happy
user_26,song_108,Title 108,Artist 4,Happy
user_26,song_110,Title 110,Artist 45,Happy
user_27,song_100,Title 100,Artist 17,Happy
user_27,song_108,Title 108,Artist 4,Happy
user_27,song_110,Title 110,Artist 45,Happy
user_28,song_100,Title 100,Artist 17,Happy
user_28,song_108,Title 108,Artist 4,Happy
user_28,song_110,Title 110,Artist 45,Happy
user_29,song_100,Title 100,Artist 17,Happy
user_29,song_108,Title 108,Artist 4,Happy
user_29,song_110,Title 110,Artist 45,Happy
user_3,song_100,Title 100,Artist 17,Happy
user_3,song_108,Title 108,Artist 4,Happy
user_3,song_110,Title 110,Artist 45,Happy
user_30,song_100,Title 100,Artist 17,Happy
user_30,song_108,Title 108,Artist 4,Happy
user_30,song_110,Title 110,Artist 45,Happy
user_31,song_100,Title 100,Artist 17,Happy
user_31,song_108,Title 108,Artist 4,Happy
user_31,song_110,Title 110,Artist 45,Happy
user_32,song_100,Title 100,Artist 17,Happy
user_32,song_108,Title 108,Artist 4,Happy
user_32,song_110,Title 110,Artist 45,Happy
user_33,song_100,Title 100,Artist 17,Happy
user_33,song_108,Title 108,Artist 4,Happy
user_33,song_110,Title 110,Artist 45,Happy
user_34,song_100,Title 100,Artist 17,Happy
user_34,song_108,Title 108,Artist 4,Happy
user_34,song_110,Title 110,Artist 45,Happy
user_35,song_100,Title 100,Artist 17,Happy
user_35,song_108,Title 108,Artist 4,Happy
user_35,song_110,Title 110,Artist 45,Happy
user_36,song_100,Title 100,Artist 17,Happy
user_36,song_108,Title 108,Artist 4,Happy
user_36,song_110,Title 110,Artist 45,Happy
user_37,song_100,Title 100,Artist 17,Happy
user_37,song_108,Title 108,Artist 4,Happy
user_37,song_110,Title 110,Artist 45,Happy
user_38,song_100,Title 100,Artist 17,Happy
user_38,song_108,Title 108,Artist 4,Happy
user_38,song_110,Title 110,Artist 45,Happy
user_39,song_100,Title 100,Artist 17,Happy
user_39,song_108,Title 108,Artist 4,Happy
user_39,song_110,Title 110,Artist 45,Happy
user_4,song_100,Title 100,Artist 17,Happy
user_4,song_108,Title 108,Artist 4,Happy
user_4,song_110,Title 110,Artist 45,Happy
user_40,song_100,Title 100,Artist 17,Happy
user_40,song_108,Title 108,Artist 4,Happy
user_40,song_110,Title 110,Artist 45,Happy
user_41,song_100,Title 100,Artist 17,Happy
user_41,song_108,Title 108,Artist 4,Happy
user_41,song_110,Title 110,Artist 45,Happy
user_42,song_100,Title 100,Artist 17,Happy
user_42,song_108,Title 108,Artist 4,Happy
user_42,song_110,Title 110,Artist 45,Happy
user_43,song_100,Title 100,Artist 17,Happy
user_43,song_108,Title 108,Artist 4,Happy
user_43,song_110,Title 110,Artist 45,Happy
user_44,song_100,Title 100,Artist 17,Happy
user_44,song_108,Title 108,Artist 4,Happy
user_44,song_110,Title 110,Artist 45,Happy
user_45,song_100,Title 100,Artist 17,Happy
user_45,song_108,Title 108,Artist 4,Happy
user_45,song_110,Title 110,Artist 45,Happy
user_46,song_100,Title 100,Artist 17,Happy
user_46,song_108,Title 108,Artist 4,Happy
user_46,song_110,Title 110,Artist 45,Happy
user_47,song_100,Title 100,Artist 17,Happy
user_47,song_108,Title 108,Artist 4,Happy
user_47,song_110,Title 110,Artist 45,Happy
user_48,song_100,Title 100,Artist 17,Happy
user_48,song_108,Title 108,Artist 4,Happy
user_48,song_110,Title 110,Artist 45,Happy
user_49,song_100,Title 100,Artist 17,Happy
user_49,song_108,Title 108,Artist 4,Happy
user_49,song_110,Title 110,Artist 45,Happy
user_5,song_100,Title 100,Artist 17,Happy
user_5,song_108,Title 108,Artist 4,Happy
user_5,song_110,Title 110,Artist 45,Happy
user_50,song_100,Title 100,Artist 17,Happy
user_50,song_108,Title 108,Artist 4,Happy
user_50,song_110,Title 110,Artist 45,Happy
user_51,song_100,Title 100,Artist 17,Happy
user_51,song_108,Title 108,Artist 4,Happy
user_51,song_110,Title 110,Artist 45,Happy
user_52,song_100,Title 100,Artist 17,Happy
user_52,song_108,Title 108,Artist 4,Happy
user_52,song_110,Title 110,Artist 45,Happy
user_53,song_100,Title 100,Artist 17,Happy
user_53,song_108,Title 108,Artist 4,Happy
user_53,song_110,Title 110,Artist 45,Happy
user_54,song_100,Title 100,Artist 17,Happy
user_54,song_108,Title 108,Artist 4,Happy
user_54,song_110,Title 110,Artist 45,Happy
user_55,song_100,Title 100,Artist 17,Happy
user_55,song_108,Title 108,Artist 4,Happy
user_55,song_110,Title 110,Artist 45,Happy
user_56,song_100,Title 100,Artist 17,Happy
user_56,song_108,Title 108,Artist 4,Happy
user_56,song_110,Title 110,Artist 45,Happy
user_57,song_100,Title 100,Artist 17,Happy
user_57,song_108,Title 108,Artist 4,Happy
user_57,song_110,Title 110,Artist 45,Happy
user_58,song_100,Title 100,Artist 17,Happy
user_58,song_108,Title 108,Artist 4,Happy
user_58,song_110,Title 110,Artist 45,Happy
user_59,song_100,Title 100,Artist 17,Happy
user_59,song_108,Title 108,Artist 4,Happy
user_59,song_110,Title 110,Artist 45,Happy
user_6,song_100,Title 100,Artist 17,Happy
user_6,song_108,Title 108,Artist 4,Happy
user_6,song_110,Title 110,Artist 45,Happy
user_60,song_100,Title 100,Artist 17,Happy
user_60,song_108,Title 108,Artist 4,Happy
user_60,song_110,Title 110,Artist 45,Happy
user_61,song_100,Title 100,Artist 17,Happy
user_61,song_108,Title 108,Artist 4,Happy
user_61,song_110,Title 110,Artist 45,Happy
user_62,song_100,Title 100,Artist 17,Happy
user_62,song_108,Title 108,Artist 4,Happy
user_62,song_110,Title 110,Artist 45,Happy
user_63,song_100,Title 100,Artist 17,Happy
user_63,song_108,Title 108,Artist 4,Happy
user_63,song_110,Title 110,Artist 45,Happy
user_64,song_100,Title 100,Artist 17,Happy
user_64,song_108,Title 108,Artist 4,Happy
user_64,song_110,Title 110,Artist 45,Happy
user_65,song_100,Title 100,Artist 17,Happy
user_65,song_108,Title 108,Artist 4,Happy
user_65,song_110,Title 110,Artist 45,Happy
user_66,song_100,Title 100,Artist 17,Happy
user_66,song_108,Title 108,Artist 4,Happy
user_66,song_110,Title 110,Artist 45,Happy
user_67,song_100,Title 100,Artist 17,Happy
user_67,song_108,Title 108,Artist 4,Happy
user_67,song_110,Title 110,Artist 45,Happy
user_68,song_100,Title 100,Artist 17,Happy
user_68,song_108,Title 108,Artist 4,Happy
user_68,song_110,Title 110,Artist 45,Happy
user_69,song_100,Title 100,Artist 17,Happy
user_69,song_108,Title 108,Artist 4,Happy
user_69,song_110,Title 110,Artist 45,Happy
user_7,song_100,Title 100,Artist 17,Happy
user_7,song_108,Title 108,Artist 4,Happy
user_7,song_110,Title 110,Artist 45,Happy
user_70,song_100,Title 100,Artist 17,Happy
user_70,song_108,Title 108,Artist 4,Happy
user_70,song_110,Title 110,Artist 45,Happy
user_71,song_100,Title 100,Artist 17,Happy
user_71,song_108,Title 108,Artist 4,Happy
user_71,song_110,Title 110,Artist 45,Happy
user_72,song_100,Title 100,Artist 17,Happy
user_72,song_108,Title 108,Artist 4,Happy
user_72,song_110,Title 110,Artist 45,Happy
user_73,song_100,Title 100,Artist 17,Happy
user_73,song_108,Title 108,Artist 4,Happy
user_73,song_110,Title 110,Artist 45,Happy
user_74,song_100,Title 100,Artist 17,Happy
user_74,song_108,Title 108,Artist 4,Happy
user_74,song_110,Title 110,Artist 45,Happy
user_75,song_100,Title 100,Artist 17,Happy
user_75,song_108,Title 108,Artist 4,Happy
user_75,song_110,Title 110,Artist 45,Happy
user_76,song_100,Title 100,Artist 17,Happy
user_76,song_108,Title 108,Artist 4,Happy
user_76,song_110,Title 110,Artist 45,Happy
user_77,song_100,Title 100,Artist 17,Happy
user_77,song_108,Title 108,Artist 4,Happy
user_77,song_110,Title 110,Artist 45,Happy
user_78,song_100,Title 100,Artist 17,Happy
user_78,song_108,Title 108,Artist 4,Happy
user_78,song_110,Title 110,Artist 45,Happy
user_79,song_100,Title 100,Artist 17,Happy
user_79,song_108,Title 108,Artist 4,Happy
user_79,song_110,Title 110,Artist 45,Happy
user_8,song_100,Title 100,Artist 17,Happy
user_8,song_108,Title 108,Artist 4,Happy
user_8,song_110,Title 110,Artist 45,Happy
user_80,song_100,Title 100,Artist 17,Happy
user_80,song_108,Title 108,Artist 4,Happy
user_80,song_110,Title 110,Artist 45,Happy
user_81,song_100,Title 100,Artist 17,Happy
user_81,song_108,Title 108,Artist 4,Happy
user_81,song_110,Title 110,Artist 45,Happy
user_82,song_100,Title 100,Artist 17,Happy
user_82,song_108,Title 108,Artist 4,Happy
user_82,song_110,Title 110,Artist 45,Happy
user_83,song_100,Title 100,Artist 17,Happy
user_83,song_108,Title 108,Artist 4,Happy
user_83,song_110,Title 110,Artist 45,Happy
user_84,song_100,Title 100,Artist 17,Happy
user_84,song_108,Title 108,Artist 4,Happy
user_84,song_110,Title 110,Artist 45,Happy
user_85,song_100,Title 100,Artist 17,Happy
user_85,song_108,Title 108,Artist 4,Happy
user_85,song_110,Title 110,Artist 45,Happy
user_86,song_100,Title 100,Artist 17,Happy
user_86,song_108,Title 108,Artist 4,Happy
user_86,song_110,Title 110,Artist 45,Happy
user_87,song_100,Title 100,Artist 17,Happy
user_87,song_108,Title 108,Artist 4,Happy
user_87,song_110,Title 110,Artist 45,Happy
user_88,song_100,Title 100,Artist 17,Happy
user_88,song_108,Title 108,Artist 4,Happy
user_88,song_110,Title 110,Artist 45,Happy
user_89,song_100,Title 100,Artist 17,Happy
user_89,song_108,Title 108,Artist 4,Happy
user_89,song_110,Title 110,Artist 45,Happy
user_9,song_100,Title 100,Artist 17,Happy
user_9,song_108,Title 108,Artist 4,Happy
user_9,song_110,Title 110,Artist 45,Happy
user_90,song_100,Title 100,Artist 17,Happy
user_90,song_108,Title 108,Artist 4,Happy
user_90,song_110,Title 110,Artist 45,Happy
user_91,song_100,Title 100,Artist 17,Happy
user_91,song_108,Title 108,Artist 4,Happy
user_91,song_110,Title 110,Artist 45,Happy
user_92,song_100,Title 100,Artist 17,Happy
user_92,song_108,Title 108,Artist 4,Happy
user_92,song_110,Title 110,Artist 45,Happy
user_93,song_100,Title 100,Artist 17,Happy
user_93,song_108,Title 108,Artist 4,Happy
user_93,song_110,Title 110,Artist 45,Happy
user_94,song_100,Title 100,Artist 17,Happy
user_94,song_108,Title 108,Artist 4,Happy
user_94,song_110,Title 110,Artist 45,Happy
user_95,song_100,Title 100,Artist 17,Happy
user_95,song_108,Title 108,Artist 4,Happy
user_95,song_110,Title 110,Artist 45,Happy
user_96,song_100,Title 100,Artist 17,Happy
user_96,song_108,Title 108,Artist 4,Happy
user_96,song_110,Title 110,Artist 45,Happy
user_97,song_100,Title 100,Artist 17,Happy
user_97,song_108,Title 108,Artist 4,Happy
user_97,song_110,Title 110,Artist 45,Happy
user_98,song_100,Title 100,Artist 17,Happy
user_98,song_108,Title 108,Artist 4,Happy
user_98,song_110,Title 110,Artist 45,Happy
user_99,song_100,Title 100,Artist 17,Happy
user_99,song_108,Title 108,Artist 4,Happy
user_99,song_110,Title 110,Artist 45,Happy
