song_id,title,artist,genre,mood
song_1,Title 1,Artist 37,Classical,Chill
song_2,Title 2,Artist 23,Hip-Hop,Sad
song_3,Title 3,Artist 43,Classical,Happy
song_4,Title 4,Artist 19,Jazz,Energetic
song_5,Title 5,Artist 1,Classical,Happy
song_6,Title 6,Artist 18,Hip-Hop,Happy
song_7,Title 7,Artist 47,Hip-Hop,Happy
song_8,Title 8,Artist 38,Rock,Happy
song_9,Title 9,Artist 13,Jazz,Energetic
song_10,Title 10,Artist 46,Jazz,Chill
song_11,Title 11,Artist 45,Pop,Sad
song_12,Title 12,Artist 18,Hip-Hop,Sad
song_13,Title 13,Artist 1,Classical,Happy
song_14,Title 14,Artist 17,Electronic,Happy
song_15,Title 15,Artist 24,Rock,Energetic
song_16,Title 16,Artist 44,Classical,Energetic
song_17,Title 17,Artist 27,Classical,Sad
song_18,Title 18,Artist 11,Rock,Chill
song_19,Title 19,Artist 9,Rock,Sad
song_20,Title 20,Artist 42,Hip-Hop,Sad
song_21,Title 21,Artist 14,Jazz,Energetic
song_22,Title 22,Artist 35,Rock,Chill
song_23,Title 23,Artist 48,Jazz,Chill
song_24,Title 24,Artist 21,Jazz,Energetic
song_25,Title 25,Artist 41,Pop,Sad
song_26,Title 26,Artist 35,Classical,Happy
song_27,Title 27,Artist 14,Jazz,Happy
song_28,Title 28,Artist 42,Hip-Hop,Happy
song_29,Title 29,Artist 45,Jazz,Energetic
song_30,Title 30,Artist 13,Jazz,Sad
song_31,Title 31,Artist 26,Rock,Energetic
song_32,Title 32,Artist 10,Jazz,Happy
song_33,Title 33,Artist 18,Hip-Hop,Happy
song_34,Title 34,Artist 49,Pop,Energetic
song_35,Title 35,Artist 2,Hip-Hop,Energetic
song_36,Title 36,Artist 4,Classical,Chill
song_37,Title 37,Artist 50,Hip-Hop,Happy
song_38,Title 38,Artist 3,Rock,Happy
song_39,Title 39,Artist 34,Pop,Chill
song_40,Title 40,Artist 13,Pop,Happy
song_41,Title 41,Artist 1,Jazz,Energetic
song_42,Title 42,Artist 3,Electronic,Happy
song_43,Title 43,Artist 26,Hip-Hop,Happy
song_44,Title 44,Artist 35,Pop,Chill
song_45,Title 45,Artist 40,Pop,Sad
song_46,Title 46,Artist 7,Pop,Chill
song_47,Title 47,Artist 44,Hip-Hop,Sad
song_48,Title 48,Artist 27,Pop,Energetic
song_49,Title 49,Artist 6,Rock,Happy
song_50,Title 50,Artist 35,Pop,Sad
song_51,Title 51,Artist 31,Pop,Energetic
song_52,Title 52,Artist 45,Classical,Chill
song_53,Title 53,Artist 18,Electronic,Chill
song_54,Title 54,Artist 14,Hip-Hop,Energetic
song_55,Title 55,Artist 40,Jazz,Sad
song_56,Title 56,Artist 29,Jazz,Happy
song_57,Title 57,Artist 20,Rock,Happy
song_58,Title 58,Artist 37,Pop,Sad
song_59,Title 59,Artist 38,Hip-Hop,Sad
song_60,Title 60,Artist 21,Rock,Chill
song_61,Title 61,Artist 2,Pop,Chill
song_62,Title 62,Artist 16,Electronic,Happy
song_63,Title 63,Artist 15,Electronic,Energetic
song_64,Title 64,Artist 49,Classical,Chill
song_65,Title 65,Artist 50,Hip-Hop,Sad
song_66,Title 66,Artist 22,Jazz,Sad
song_67,Title 67,Artist 8,Jazz,Happy
song_68,Title 68,Artist 25,Hip-Hop,Chill
song_69,Title 69,Artist 25,Rock,Energetic
song_70,Title 70,Artist 26,Jazz,Happy
song_71,Title 71,Artist 11,Classical,Chill
song_72,Title 72,Artist 13,Electronic,Chill
song_73,Title 73,Artist 37,Rock,Happy
song_74,Title 74,Artist 46,Classical,Chill
song_75,Title 75,Artist 24,Jazz,Chill
song_76,Title 76,Artist 40,Classical,Happy
song_77,Title 77,Artist 42,Pop,Chill
song_78,Title 78,Artist 27,Pop,Chill
song_79,Title 79,Artist 25,Classical,Chill
song_80,Title 80,Artist 43,Electronic,Happy
song_81,Title 81,Artist 32,Classical,Energetic
song_82,Title 82,Artist 22,Pop,Chill
song_83,Title 83,Artist 40,Hip-Hop,Energetic
song_84,Title 84,Artist 18,Electronic,Happy
song_85,Title 85,Artist 26,Hip-Hop,Energetic
song_86,Title 86,Artist 7,Hip-Hop,Happy
song_87,Title 87,Artist 3,Electronic,Energetic
song_88,Title 88,Artist 33,Rock,Chill
song_89,Title 89,Artist 49,Jazz,Happy
song_90,Title 90,Artist 1,Hip-Hop,Energetic
song_91,Title 91,Artist 45,Pop,Chill
song_92,Title 92,Artist 42,Classical,Chill
song_93,Title 93,Artist 6,Jazz,Chill
song_94,Title 94,Artist 9,Classical,Sad
song_95,Title 95,Artist 4,Classical,Sad
song_96,Title 96,Artist 49,Pop,Happy
song_97,Title 97,Artist 20,Jazz,Energetic
song_98,Title 98,Artist 15,Classical,Happy
song_99,Title 99,Artist 6,Pop,Energetic
song_100,Title 100,Artist 17,Jazz,Happy
song_101,Title 101,Artist 48,Jazz,Energetic
song_102,Title 102,Artist 2,Hip-Hop,Chill
song_103,Title 103,Artist 13,Classical,Chill
song_104,Title 104,Artist 17,Electronic,Energetic
song_105,Title 105,Artist 38,Jazz,Sad
song_106,Title 106,Artist 10,Rock,Sad
song_107,Title 107,Artist 6,Rock,Energetic
song_108,Title 108,Artist 4,Rock,Happy
song_109,Title 109,Artist 28,Pop,Sad
song_110,Title 110,Artist 45,Electronic,Happy
song_111,Title 111,Artist 25,Jazz,Happy
song_112,Title 112,Artist 21,Hip-Hop,Energetic
song_113,Title 113,Artist 16,Rock,Sad
song_114,Title 114,Artist 36,Classical,Happy
song_115,Title 115,Artist 14,Jazz,Happy
song_116,Title 116,Artist 9,Classical,Chill
song_117,Title 117,Artist 15,Jazz,Energetic
song_118,Title 118,Artist 12,Jazz,Sad
song_119,Title 119,Artist 1,Pop,Chill
song_120,Title 120,Artist 45,Hip-Hop,Happy
song_121,Title 121,Artist 45,Pop,Chill
song_122,Title 122,Artist 12,Electronic,Energetic
song_123,Title 123,Artist 19,Jazz,Chill
song_124,Title 124,Artist 3,Hip-Hop,Happy
song_125,Title 125,Artist 47,Jazz,Sad
song_126,Title 126,Artist 23,Hip-Hop,Energetic
song_127,Title 127,Artist 22,Electronic,Happy
song_128,Title 128,Artist 23,Rock,Chill
song_129,Title 129,Artist 41,Classical,Chill
song_130,Title 130,Artist 23,Hip-Hop,Energetic
song_131,Title 131,Artist 11,Jazz,Sad
song_132,Title 132,Artist 49,Rock,Energetic
song_133,Title 133,Artist 45,Jazz,Sad
song_134,Title 134,Artist 15,Jazz,Happy
song_135,Title 135,Artist 29,Rock,Happy
song_136,Title 136,Artist 15,Rock,Sad
song_137,Title 137,Artist 19,Jazz,Chill
song_138,Title 138,Artist 21,Jazz,Happy
song_139,Title 139,Artist 35,Classical,Sad
song_140,Title 140,Artist 43,Classical,Chill
song_141,Title 141,Artist 36,Electronic,Energetic
song_142,Title 142,Artist 39,Electronic,Chill
song_143,Title 143,Artist 20,Classical,Sad
song_144,Title 144,Artist 35,Rock,Chill
song_145,Title 145,Artist 35,Pop,Energetic
song_146,Title 146,Artist 23,Jazz,Energetic
song_147,Title 147,Artist 38,Jazz,Sad
song_148,Title 148,Artist 22,Jazz,Happy
song_149,Title 149,Artist 48,Rock,Sad
song_150,Title 150,Artist 23,Rock,Sad
song_151,Title 151,Artist 49,Pop,Energetic
song_152,Title 152,Artist 28,Hip-Hop,Sad
song_153,Title 153,Artist 12,Electronic,Chill
song_154,Title 154,Artist 10,Hip-Hop,Sad
song_155,Title 155,Artist 40,Jazz,Chill
song_156,Title 156,Artist 13,Hip-Hop,Chill
song_157,Title 157,Artist 16,Hip-Hop,Happy
song_158,Title 158,Artist 47,Classical,Chill
song_159,Title 159,Artist 45,Electronic,Sad
song_160,Title 160,Artist 3,Electronic,Sad
song_161,Title 161,Artist 30,Jazz,Energetic
song_162,Title 162,Artist 47,Jazz,Energetic
song_163,Title 163,Artist 39,Pop,Chill
song_164,Title 164,Artist 4,Jazz,Energetic
song_165,Title 165,Artist 15,Pop,Chill
song_166,Title 166,Artist 6,Hip-Hop,Energetic
song_167,Title 167,Artist 29,Hip-Hop,Sad
song_168,Title 168,Artist 5,Hip-Hop,Happy
song_169,Title 169,Artist 36,Jazz,Happy
song_170,Title 170,Artist 10,Classical,Sad
song_171,Title 171,Artist 49,Classical,Chill
song_172,Title 172,Artist 17,Rock,Happy
song_173,Title 173,Artist 37,Jazz,Sad
song_174,Title 174,Artist 4,Electronic,Happy
song_175,Title 175,Artist 30,Pop,Chill
song_176,Title 176,Artist 25,Rock,Sad
song_177,Title 177,Artist 46,Classical,Sad
song_178,Title 178,Artist 17,Rock,Sad
song_179,Title 179,Artist 34,Hip-Hop,Sad
song_180,Title 180,Artist 13,Classical,Happy
song_181,Title 181,Artist 32,Jazz,Energetic
song_182,Title 182,Artist 25,Hip-Hop,Energetic
song_183,Title 183,Artist 46,Rock,Happy
song_184,Title 184,Artist 25,Hip-Hop,Happy
song_185,Title 185,Artist 43,Rock,Energetic
song_186,Title 186,Artist 50,Rock,Chill
song_187,Title 187,Artist 30,Electronic,Energetic
song_188,Title 188,Artist 20,Jazz,Energetic
song_189,Title 189,Artist 32,Pop,Happy
song_190,Title 190,Artist 27,Hip-Hop,Happy
song_191,Title 191,Artist 19,Jazz,Chill
song_192,Title 192,Artist 20,Classical,Happy
song_193,Title 193,Artist 25,Classical,Chill
song_194,Title 194,Artist 25,Pop,Sad
song_195,Title 195,Artist 41,Pop,Happy
song_196,Title 196,Artist 9,Electronic,Happy
song_197,Title 197,Artist 16,Hip-Hop,Sad
song_198,Title 198,Artist 18,Hip-Hop,Sad
song_199,Title 199,Artist 21,Rock,Chill
song_200,Title 200,Artist 46,Hip-Hop,Chill
song_201,Title 201,Artist 50,Pop,Sad
song_202,Title 202,Artist 33,Classical,Chill
song_203,Title 203,Artist 43,Rock,Happy
song_204,Title 204,Artist 46,Jazz,Energetic
song_205,Title 205,Artist 17,Hip-Hop,Sad
song_206,Title 206,Artist 33,Pop,Happy
song_207,Title 207,Artist 3,Rock,Sad
song_208,Title 208,Artist 35,Classical,Energetic
song_209,Title 209,Artist 18,Hip-Hop,Chill
song_210,Title 210,Artist 22,Rock,Chill
song_211,Title 211,Artist 41,Electronic,Happy
song_212,Title 212,Artist 33,Hip-Hop,Happy
song_213,Title 213,Artist 4,Hip-Hop,Energetic
song_214,Title 214,Artist 24,Classical,Happy
song_215,Title 215,Artist 6,Electronic,Happy
song_216,Title 216,Artist 17,Rock,Happy
song_217,Title 217,Artist 32,Rock,Happy
song_218,Title 218,Artist 26,Hip-Hop,Chill
song_219,Title 219,Artist 8,Electronic,Sad
song_220,Title 220,Artist 30,Rock,Chill
song_221,Title 221,Artist 14,Rock,Happy
song_222,Title 222,Artist 11,Rock,Energetic
song_223,Title 223,Artist 28,Classical,Happy
song_224,Title 224,Artist 39,Jazz,Happy
song_225,Title 225,Artist 10,Classical,Chill
song_226,Title 226,Artist 41,Jazz,Sad
song_227,Title 227,Artist 43,Rock,Happy
song_228,Title 228,Artist 33,Pop,Energetic
song_229,Title 229,Artist 49,Pop,Energetic
song_230,Title 230,Artist 18,Electronic,Chill
song_231,Title 231,Artist 43,Pop,Sad
song_232,Title 232,Artist 38,Classical,Energetic
song_233,Title 233,Artist 49,Rock,Sad
song_234,Title 234,Artist 11,Classical,Energetic
song_235,Title 235,Artist 15,Rock,Chill
song_236,Title 236,Artist 23,Classical,Sad
song_237,Title 237,Artist 33,Pop,Happy
song_238,Title 238,Artist 19,Hip-Hop,Sad
song_239,Title 239,Artist 12,Electronic,Sad
song_240,Title 240,Artist 32,Electronic,Happy
song_241,Title 241,Artist 23,Pop,Sad
song_242,Title 242,Artist 3,Rock,Energetic
song_243,Title 243,Artist 16,Electronic,Sad
song_244,Title 244,Artist 17,Classical,Happy
song_245,Title 245,Artist 2,Rock,Energetic
song_246,Title 246,Artist 19,Rock,Happy
song_247,Title 247,Artist 28,Pop,Energetic
song_248,Title 248,Artist 47,Classical,Happy
song_249,Title 249,Artist 4,Hip-Hop,Energetic
song_250,Title 250,Artist 33,Jazz,Happy
song_251,Title 251,Artist 41,Hip-Hop,Sad
song_252,Title 252,Artist 40,Hip-Hop,Happy
song_253,Title 253,Artist 30,Pop,Sad
song_254,Title 254,Artist 45,Classical,Sad
song_255,Title 255,Artist 45,Jazz,Sad
song_256,Title 256,Artist 48,Hip-Hop,Happy
song_257,Title 257,Artist 28,Hip-Hop,Happy
song_258,Title 258,Artist 1,Electronic,Energetic
song_259,Title 259,Artist 44,Hip-Hop,Happy
song_260,Title 260,Artist 17,Electronic,Sad
song_261,Title 261,Artist 46,Classical,Chill
song_262,Title 262,Artist 44,Electronic,Energetic
song_263,Title 263,Artist 11,Rock,Sad
song_264,Title 264,Artist 45,Hip-Hop,Energetic
song_265,Title 265,Artist 35,Electronic,Energetic
song_266,Title 266,Artist 5,Rock,Happy
song_267,Title 267,Artist 38,Hip-Hop,Chill
song_268,Title 268,Artist 22,Electronic,Chill
song_269,Title 269,Artist 20,Hip-Hop,Sad
song_270,Title 270,Artist 28,Electronic,Chill
song_271,Title 271,Artist 14,Classical,Energetic
song_272,Title 272,Artist 44,Jazz,Sad
song_273,Title 273,Artist 12,Jazz,Chill
song_274,Title 274,Artist 3,Rock,Happy
song_275,Title 275,Artist 17,Rock,Sad
song_276,Title 276,Artist 19,Rock,Sad
song_277,Title 277,Artist 6,Hip-Hop,Energetic
song_278,Title 278,Artist 15,Electronic,Chill
song_279,Title 279,Artist 46,Electronic,Sad
song_280,Title 280,Artist 16,Pop,Chill
song_281,Title 281,Artist 9,Classical,Happy
song_282,Title 282,Artist 29,Rock,Energetic
song_283,Title 283,Artist 14,Electronic,Happy
song_284,Title 284,Artist 27,Hip-Hop,Energetic
song_285,Title 285,Artist 26,Classical,Sad
song_286,Title 286,Artist 31,Pop,Sad
song_287,Title 287,Artist 38,Pop,Chill
song_288,Title 288,Artist 30,Rock,Energetic
song_289,Title 289,Artist 11,Rock,Sad
song_290,Title 290,Artist 15,Pop,Sad
song_291,Title 291,Artist 19,Hip-Hop,Chill
song_292,Title 292,Artist 9,Jazz,Sad
song_293,Title 293,Artist 38,Jazz,Sad
song_294,Title 294,Artist 29,Electronic,Energetic
song_295,Title 295,Artist 30,Hip-Hop,Sad
song_296,Title 296,Artist 39,Pop,Energetic
song_297,Title 297,Artist 49,Jazz,Energetic
song_298,Title 298,Artist 50,Rock,Happy
song_299,Title 299,Artist 41,Classical,Energetic
song_300,Title 300,Artist 20,Electronic,Chill
song_301,Title 301,Artist 1,Classical,Energetic
song_302,Title 302,Artist 31,Jazz,Energetic
song_303,Title 303,Artist 48,Hip-Hop,Chill
song_304,Title 304,Artist 9,Rock,Happy
song_305,Title 305,Artist 31,Electronic,Energetic
song_306,Title 306,Artist 34,Electronic,Happy
song_307,Title 307,Artist 18,Pop,Chill
song_308,Title 308,Artist 2,Pop,Happy
song_309,Title 309,Artist 2,Pop,Happy
song_310,Title 310,Artist 31,Rock,Energetic
song_311,Title 311,Artist 28,Rock,Sad
song_312,Title 312,Artist 42,Jazz,Energetic
song_313,Title 313,Artist 5,Classical,Sad
song_314,Title 314,Artist 46,Classical,Chill
song_315,Title 315,Artist 23,Pop,Energetic
song_316,Title 316,Artist 45,Pop,Energetic
song_317,Title 317,Artist 31,Jazz,Sad
song_318,Title 318,Artist 15,Classical,Sad
song_319,Title 319,Artist 37,Hip-Hop,Happy
song_320,Title 320,Artist 28,Rock,Happy
song_321,Title 321,Artist 27,Classical,Chill
song_322,Title 322,Artist 46,Electronic,Energetic
song_323,Title 323,Artist 49,Classical,Sad
song_324,Title 324,Artist 4,Rock,Energetic
song_325,Title 325,Artist 20,Classical,Happy
song_326,Title 326,Artist 43,Pop,Happy
song_327,Title 327,Artist 12,Rock,Energetic
song_328,Title 328,Artist 35,Rock,Sad
song_329,Title 329,Artist 18,Hip-Hop,Chill
song_330,Title 330,Artist 43,Pop,Chill
song_331,Title 331,Artist 12,Rock,Sad
song_332,Title 332,Artist 47,Rock,Energetic
song_333,Title 333,Artist 44,Classical,Happy
song_334,Title 334,Artist 37,Rock,Chill
song_335,Title 335,Artist 8,Hip-Hop,Energetic
song_336,Title 336,Artist 6,Rock,Energetic
song_337,Title 337,Artist 49,Hip-Hop,Happy
song_338,Title 338,Artist 41,Electronic,Happy
song_339,Title 339,Artist 23,Pop,Energetic
song_340,Title 340,Artist 20,Rock,Sad
song_341,Title 341,Artist 38,Hip-Hop,Sad
song_342,Title 342,Artist 44,Electronic,Sad
song_343,Title 343,Artist 2,Pop,Chill
song_344,Title 344,Artist 35,Classical,Sad
song_345,Title 345,Artist 11,Pop,Energetic
song_346,Title 346,Artist 5,Rock,Chill
song_347,Title 347,Artist 40,Pop,Chill
song_348,Title 348,Artist 36,Pop,Chill
song_349,Title 349,Artist 23,Classical,Happy
song_350,Title 350,Artist 26,Electronic,Happy
song_351,Title 351,Artist 46,Rock,Energetic
song_352,Title 352,Artist 23,Electronic,Chill
song_353,Title 353,Artist 16,Classical,Sad
song_354,Title 354,Artist 33,Pop,Chill
song_355,Title 355,Artist 33,Rock,Happy
song_356,Title 356,Artist 3,Rock,Chill
song_357,Title 357,Artist 21,Rock,Energetic
song_358,Title 358,Artist 34,Rock,Sad
song_359,Title 359,Artist 10,Classical,Sad
song_360,Title 360,Artist 47,Classical,Sad
song_361,Title 361,Artist 48,Pop,Chill
song_362,Title 362,Artist 8,Jazz,Chill
song_363,Title 363,Artist 26,Electronic,Happy
song_364,Title 364,Artist 4,Electronic,Energetic
song_365,Title 365,Artist 7,Jazz,Chill
song_366,Title 366,Artist 33,Hip-Hop,Sad
song_367,Title 367,Artist 14,Jazz,Energetic
song_368,Title 368,Artist 6,Electronic,Sad
song_369,Title 369,Artist 4,Jazz,Energetic
song_370,Title 370,Artist 50,Rock,Chill
song_371,Title 371,Artist 48,Classical,Sad
song_372,Title 372,Artist 21,Rock,Happy
song_373,Title 373,Artist 16,Classical,Chill
song_374,Title 374,Artist 4,Pop,Happy
song_375,Title 375,Artist 39,Classical,Chill
song_376,Title 376,Artist 41,Hip-Hop,Sad
song_377,Title 377,Artist 18,Jazz,Chill
song_378,Title 378,Artist 15,Classical,Energetic
song_379,Title 379,Artist 18,Rock,Energetic
song_380,Title 380,Artist 34,Rock,Energetic
song_381,Title 381,Artist 26,Jazz,Happy
song_382,Title 382,Artist 22,Classical,Chill
song_383,Title 383,Artist 6,Electronic,Chill
song_384,Title 384,Artist 17,Pop,Sad
song_385,Title 385,Artist 28,Rock,Energetic
song_386,Title 386,Artist 19,Hip-Hop,Happy
song_387,Title 387,Artist 7,Classical,Sad
song_388,Title 388,Artist 23,Classical,Chill
song_389,Title 389,Artist 14,Jazz,Chill
song_390,Title 390,Artist 1,Jazz,Happy
song_391,Title 391,Artist 1,Electronic,Sad
song_392,Title 392,Artist 21,Jazz,Happy
song_393,Title 393,Artist 30,Rock,Sad
song_394,Title 394,Artist 37,Hip-Hop,Happy
song_395,Title 395,Artist 15,Pop,Energetic
song_396,Title 396,Artist 15,Pop,Happy
song_397,Title 397,Artist 30,Electronic,Happy
song_398,Title 398,Artist 35,Electronic,Energetic
song_399,Title 399,Artist 41,Classical,Energetic
song_400,Title 400,Artist 31,Electronic,Happy
song_401,Title 401,Artist 23,Jazz,Sad
song_402,Title 402,Artist 33,Rock,Energetic
song_403,Title 403,Artist 4,Pop,Happy
song_404,Title 404,Artist 26,Hip-Hop,Chill
song_405,Title 405,Artist 12,Classical,Chill
song_406,Title 406,Artist 3,Hip-Hop,Happy
song_407,Title 407,Artist 4,Pop,Chill
song_408,Title 408,Artist 27,Electronic,Happy
song_409,Title 409,Artist 29,Hip-Hop,Energetic
song_410,Title 410,Artist 50,Rock,Sad
song_411,Title 411,Artist 31,Pop,Happy
song_412,Title 412,Artist 45,Pop,Energetic
song_413,Title 413,Artist 14,Classical,Chill
song_414,Title 414,Artist 34,Electronic,Sad
song_415,Title 415,Artist 44,Jazz,Chill
song_416,Title 416,Artist 14,Classical,Happy
song_417,Title 417,Artist 22,Rock,Sad
song_418,Title 418,Artist 10,Pop,Sad
song_419,Title 419,Artist 1,Pop,Energetic
song_420,Title 420,Artist 21,Electronic,Sad
song_421,Title 421,Artist 12,Electronic,Chill
song_422,Title 422,Artist 39,Classical,Chill
song_423,Title 423,Artist 43,Hip-Hop,Sad
song_424,Title 424,Artist 16,Pop,Energetic
song_425,Title 425,Artist 45,Jazz,Sad
song_426,Title 426,Artist 4,Electronic,Sad
song_427,Title 427,Artist 1,Rock,Sad
song_428,Title 428,Artist 9,Pop,Sad
song_429,Title 429,Artist 30,Pop,Chill
song_430,Title 430,Artist 11,Classical,Energetic
song_431,Title 431,Artist 32,Rock,Energetic
song_432,Title 432,Artist 35,Electronic,Sad
song_433,Title 433,Artist 21,Classical,Sad
song_434,Title 434,Artist 42,Electronic,Energetic
song_435,Title 435,Artist 11,Hip-Hop,Chill
song_436,Title 436,Artist 19,Classical,Sad
song_437,Title 437,Artist 41,Jazz,Energetic
song_438,Title 438,Artist 43,Classical,Sad
song_439,Title 439,Artist 38,Hip-Hop,Energetic
song_440,Title 440,Artist 27,Rock,Chill
song_441,Title 441,Artist 44,Electronic,Happy
song_442,Title 442,Artist 17,Rock,Sad
song_443,Title 443,Artist 5,Classical,Energetic
song_444,Title 444,Artist 40,Hip-Hop,Sad
song_445,Title 445,Artist 41,Jazz,Chill
song_446,Title 446,Artist 13,Pop,Chill
song_447,Title 447,Artist 23,Hip-Hop,Energetic
song_448,Title 448,Artist 10,Rock,Chill
song_449,Title 449,Artist 15,Classical,Happy
song_450,Title 450,Artist 31,Rock,Happy
song_451,Title 451,Artist 23,Pop,Happy
song_452,Title 452,Artist 23,Pop,Happy
song_453,Title 453,Artist 47,Jazz,Sad
song_454,Title 454,Artist 7,Classical,Chill
song_455,Title 455,Artist 3,Electronic,Energetic
song_456,Title 456,Artist 13,Rock,Sad
song_457,Title 457,Artist 48,Rock,Happy
song_458,Title 458,Artist 37,Jazz,Sad
song_459,Title 459,Artist 19,Electronic,Happy
song_460,Title 460,Artist 42,Pop,Chill
song_461,Title 461,Artist 36,Hip-Hop,Chill
song_462,Title 462,Artist 2,Classical,Chill
song_463,Title 463,Artist 11,Electronic,Sad
song_464,Title 464,Artist 38,Classical,Energetic
song_465,Title 465,Artist 46,Classical,Chill
song_466,Title 466,Artist 22,Jazz,Chill
song_467,Title 467,Artist 41,Rock,Sad
song_468,Title 468,Artist 29,Rock,Energetic
song_469,Title 469,Artist 12,Jazz,Sad
song_470,Title 470,Artist 13,Rock,Chill
song_471,Title 471,Artist 5,Jazz,Happy
song_472,Title 472,Artist 42,Jazz,Chill
song_473,Title 473,Artist 10,Electronic,Sad
song_474,Title 474,Artist 13,Electronic,Sad
song_475,Title 475,Artist 23,Jazz,Chill
song_476,Title 476,Artist 36,Pop,Sad
song_477,Title 477,Artist 26,Hip-Hop,Chill
song_478,Title 478,Artist 22,Jazz,Chill
song_479,Title 479,Artist 14,Jazz,Sad
song_480,Title 480,Artist 30,Pop,Happy
song_481,Title 481,Artist 23,Classical,Chill
song_482,Title 482,Artist 41,Classical,Energetic
song_483,Title 483,Artist 27,Jazz,Chill
song_484,Title 484,Artist 10,Pop,Chill
song_485,Title 485,Artist 18,Classical,Chill
song_486,Title 486,Artist 5,Classical,Sad
song_487,Title 487,Artist 13,Hip-Hop,Energetic
song_488,Title 488,Artist 32,Jazz,Chill
song_489,Title 489,Artist 17,Rock,Sad
song_490,Title 490,Artist 41,Electronic,Sad
song_491,Title 491,Artist 5,Electronic,Happy
song_492,Title 492,Artist 38,Electronic,Happy
song_493,Title 493,Artist 49,Classical,Happy
song_494,Title 494,Artist 14,Classical,Sad
song_495,Title 495,Artist 21,Pop,Sad
song_496,Title 496,Artist 33,Rock,Happy
song_497,Title 497,Artist 16,Pop,Sad
song_498,Title 498,Artist 6,Electronic,Sad
song_499,Title 499,Artist 25,Classical,Happy
song_500,Title 500,Artist 14,Pop,Energetic
song_501,Title 501,Artist 39,Hip-Hop,Happy
song_502,Title 502,Artist 14,Classical,Chill
song_503,Title 503,Artist 39,Jazz,Chill
song_504,Title 504,Artist 50,Classical,Energetic
song_505,Title 505,Artist 15,Rock,Happy
song_506,Title 506,Artist 12,Rock,Energetic
song_507,Title 507,Artist 26,Electronic,Energetic
song_508,Title 508,Artist 40,Hip-Hop,Energetic
song_509,Title 509,Artist 3,Pop,Sad
song_510,Title 510,Artist 8,Electronic,Sad
song_511,Title 511,Artist 20,Classical,Sad
song_512,Title 512,Artist 36,Rock,Happy
song_513,Title 513,Artist 44,Rock,Energetic
song_514,Title 514,Artist 22,Rock,Chill
song_515,Title 515,Artist 42,Electronic,Sad
song_516,Title 516,Artist 23,Classical,Chill
song_517,Title 517,Artist 24,Hip-Hop,Happy
song_518,Title 518,Artist 39,Jazz,Chill
song_519,Title 519,Artist 28,Electronic,Energetic
song_520,Title 520,Artist 31,Hip-Hop,Happy
song_521,Title 521,Artist 50,Rock,Energetic
song_522,Title 522,Artist 13,Hip-Hop,Sad
song_523,Title 523,Artist 18,Pop,Happy
song_524,Title 524,Artist 29,Jazz,Chill
song_525,Title 525,Artist 11,Rock,Sad
song_526,Title 526,Artist 1,Classical,Chill
song_527,Title 527,Artist 27,Electronic,Chill
song_528,Title 528,Artist 27,Classical,Energetic
song_529,Title 529,Artist 44,Classical,Energetic
song_530,Title 530,Artist 44,Electronic,Happy
song_531,Title 531,Artist 39,Classical,Sad
song_532,Title 532,Artist 32,Jazz,Energetic
song_533,Title 533,Artist 22,Jazz,Sad
song_534,Title 534,Artist 15,Pop,Sad
song_535,Title 535,Artist 5,Electronic,Sad
song_536,Title 536,Artist 20,Hip-Hop,Chill
song_537,Title 537,Artist 19,Hip-Hop,Energetic
song_538,Title 538,Artist 49,Rock,Energetic
song_539,Title 539,Artist 46,Pop,Happy
song_540,Title 540,Artist 10,Jazz,Happy
song_541,Title 541,Artist 36,Classical,Sad
song_542,Title 542,Artist 33,Classical,Energetic
song_543,Title 543,Artist 15,Jazz,Energetic
song_544,Title 544,Artist 48,Hip-Hop,Chill
song_545,Title 545,Artist 2,Hip-Hop,Chill
song_546,Title 546,Artist 29,Classical,Happy
song_547,Title 547,Artist 33,Hip-Hop,Chill
song_548,Title 548,Artist 16,Rock,Energetic
song_549,Title 549,Artist 37,Pop,Sad
song_550,Title 550,Artist 20,Electronic,Sad
song_551,Title 551,Artist 37,Pop,Chill
song_552,Title 552,Artist 37,Classical,Happy
song_553,Title 553,Artist 48,Rock,Energetic
song_554,Title 554,Artist 8,Pop,Chill
song_555,Title 555,Artist 41,Electronic,Chill
song_556,Title 556,Artist 24,Hip-Hop,Sad
song_557,Title 557,Artist 45,Hip-Hop,Chill
song_558,Title 558,Artist 32,Classical,Sad
song_559,Title 559,Artist 45,Rock,Chill
song_560,Title 560,Artist 5,Pop,Energetic
song_561,Title 561,Artist 20,Pop,Sad
song_562,Title 562,Artist 23,Pop,Sad
song_563,Title 563,Artist 6,Classical,Sad
song_564,Title 564,Artist 19,Hip-Hop,Sad
song_565,Title 565,Artist 35,Hip-Hop,Sad
song_566,Title 566,Artist 49,Classical,Sad
song_567,Title 567,Artist 12,Classical,Chill
song_568,Title 568,Artist 23,Jazz,Sad
song_569,Title 569,Artist 48,Electronic,Happy
song_570,Title 570,Artist 46,Electronic,Sad
song_571,Title 571,Artist 34,Classical,Chill
song_572,Title 572,Artist 42,Jazz,Energetic
song_573,Title 573,Artist 24,Hip-Hop,Happy
song_574,Title 574,Artist 29,Jazz,Sad
song_575,Title 575,Artist 40,Classical,Sad
song_576,Title 576,Artist 3,Jazz,Energetic
song_577,Title 577,Artist 15,Electronic,Happy
song_578,Title 578,Artist 22,Pop,Chill
song_579,Title 579,Artist 15,Electronic,Energetic
song_580,Title 580,Artist 11,Rock,Chill
song_581,Title 581,Artist 25,Electronic,Happy
song_582,Title 582,Artist 17,Electronic,Energetic
song_583,Title 583,Artist 16,Pop,Energetic
song_584,Title 584,Artist 45,Jazz,Happy
song_585,Title 585,Artist 37,Pop,Chill
song_586,Title 586,Artist 23,Jazz,Sad
song_587,Title 587,Artist 43,Classical,Chill
song_588,Title 588,Artist 23,Electronic,Happy
song_589,Title 589,Artist 37,Pop,Energetic
song_590,Title 590,Artist 46,Classical,Sad
song_591,Title 591,Artist 27,Jazz,Happy
song_592,Title 592,Artist 24,Classical,Chill
song_593,Title 593,Artist 42,Hip-Hop,Chill
song_594,Title 594,Artist 49,Electronic,Sad
song_595,Title 595,Artist 14,Pop,Sad
song_596,Title 596,Artist 2,Classical,Energetic
song_597,Title 597,Artist 28,Pop,Energetic
song_598,Title 598,Artist 29,Pop,Happy
song_599,Title 599,Artist 30,Pop,Happy
song_600,Title 600,Artist 30,Classical,Sad
song_601,Title 601,Artist 32,Hip-Hop,Happy
song_602,Title 602,Artist 50,Rock,Energetic
song_603,Title 603,Artist 39,Electronic,Chill
song_604,Title 604,Artist 39,Electronic,Sad
song_605,Title 605,Artist 43,Electronic,Chill
song_606,Title 606,Artist 9,Electronic,Energetic
song_607,Title 607,Artist 16,Jazz,Energetic
song_608,Title 608,Artist 21,Classical,Chill
song_609,Title 609,Artist 46,Jazz,Sad
song_610,Title 610,Artist 24,Classical,Sad
song_611,Title 611,Artist 36,Classical,Happy
song_612,Title 612,Artist 23,Hip-Hop,Energetic
song_613,Title 613,Artist 41,Rock,Chill
song_614,Title 614,Artist 9,Pop,Energetic
song_615,Title 615,Artist 49,Pop,Chill
song_616,Title 616,Artist 26,Electronic,Sad
song_617,Title 617,Artist 35,Electronic,Happy
song_618,Title 618,Artist 17,Hip-Hop,Energetic
song_619,Title 619,Artist 25,Hip-Hop,Chill
song_620,Title 620,Artist 43,Electronic,Happy
song_621,Title 621,Artist 16,Electronic,Sad
song_622,Title 622,Artist 31,Jazz,Energetic
song_623,Title 623,Artist 18,Rock,Energetic
song_624,Title 624,Artist 3,Jazz,Happy
song_625,Title 625,Artist 19,Rock,Sad
song_626,Title 626,Artist 41,Classical,Happy
song_627,Title 627,Artist 9,Pop,Chill
song_628,Title 628,Artist 14,Hip-Hop,Energetic
song_629,Title 629,Artist 2,Classical,Chill
song_630,Title 630,Artist 10,Pop,Happy
song_631,Title 631,Artist 20,Classical,Sad
song_632,Title 632,Artist 4,Electronic,Energetic
song_633,Title 633,Artist 46,Classical,Happy
song_634,Title 634,Artist 1,Classical,Energetic
song_635,Title 635,Artist 48,Jazz,Chill
song_636,Title 636,Artist 4,Electronic,Chill
song_637,Title 637,Artist 50,Classical,Energetic
song_638,Title 638,Artist 16,Rock,Happy
song_639,Title 639,Artist 22,Hip-Hop,Energetic
song_640,Title 640,Artist 39,Rock,Sad
song_641,Title 641,Artist 4,Jazz,Happy
song_642,Title 642,Artist 15,Hip-Hop,Sad
song_643,Title 643,Artist 49,Rock,Happy
song_644,Title 644,Artist 50,Pop,Chill
song_645,Title 645,Artist 50,Electronic,Happy
song_646,Title 646,Artist 22,Electronic,Sad
song_647,Title 647,Artist 32,Jazz,Sad
song_648,Title 648,Artist 4,Electronic,Happy
song_649,Title 649,Artist 45,Pop,Happy
song_650,Title 650,Artist 18,Pop,Happy
song_651,Title 651,Artist 18,Jazz,Chill
song_652,Title 652,Artist 3,Electronic,Chill
song_653,Title 653,Artist 50,Hip-Hop,Chill
song_654,Title 654,Artist 15,Hip-Hop,Energetic
song_655,Title 655,Artist 3,Jazz,Sad
song_656,Title 656,Artist 2,Pop,Happy
song_657,Title 657,Artist 12,Jazz,Energetic
song_658,Title 658,Artist 9,Rock,Happy
song_659,Title 659,Artist 36,Electronic,Happy
song_660,Title 660,Artist 27,Pop,Chill
song_661,Title 661,Artist 16,Pop,Happy
song_662,Title 662,Artist 41,Classical,Chill
song_663,Title 663,Artist 17,Hip-Hop,Sad
song_664,Title 664,Artist 48,Pop,Happy
song_665,Title 665,Artist 37,Classical,Sad
song_666,Title 666,Artist 3,Pop,Happy
song_667,Title 667,Artist 40,Pop,Chill
song_668,Title 668,Artist 27,Rock,Sad
song_669,Title 669,Artist 37,Jazz,Chill
song_670,Title 670,Artist 46,Jazz,Happy
song_671,Title 671,Artist 24,Rock,Chill
song_672,Title 672,Artist 30,Classical,Happy
song_673,Title 673,Artist 8,Hip-Hop,Sad
song_674,Title 674,Artist 17,Classical,Sad
song_675,Title 675,Artist 19,Hip-Hop,Chill
song_676,Title 676,Artist 8,Pop,Energetic
song_677,Title 677,Artist 29,Electronic,Chill
song_678,Title 678,Artist 34,Jazz,Happy
song_679,Title 679,Artist 22,Rock,Happy
song_680,Title 680,Artist 6,Jazz,Energetic
song_681,Title 681,Artist 42,Hip-Hop,Happy
song_682,Title 682,Artist 36,Electronic,Energetic
song_683,Title 683,Artist 3,Electronic,Sad
song_684,Title 684,Artist 48,Rock,Chill
song_685,Title 685,Artist 19,Electronic,Chill
song_686,Title 686,Artist 14,Electronic,Sad
song_687,Title 687,Artist 27,Pop,Chill
song_688,Title 688,Artist 17,Hip-Hop,Energetic
song_689,Title 689,Artist 18,Hip-Hop,Happy
song_690,Title 690,Artist 39,Rock,Chill
song_691,Title 691,Artist 48,Classical,Energetic
song_692,Title 692,Artist 19,Rock,Chill
song_693,Title 693,Artist 24,Hip-Hop,Energetic
song_694,Title 694,Artist 31,Pop,Sad
song_695,Title 695,Artist 35,Rock,Happy
song_696,Title 696,Artist 35,Electronic,Energetic
song_697,Title 697,Artist 15,Pop,Chill
song_698,Title 698,Artist 7,Hip-Hop,Chill
song_699,Title 699,Artist 6,Rock,Energetic
song_700,Title 700,Artist 25,Hip-Hop,Happy
song_701,Title 701,Artist 23,Electronic,Happy
song_702,Title 702,Artist 10,Hip-Hop,Energetic
song_703,Title 703,Artist 35,Pop,Chill
song_704,Title 704,Artist 21,Rock,Happy
song_705,Title 705,Artist 36,Pop,Sad
song_706,Title 706,Artist 29,Hip-Hop,Sad
song_707,Title 707,Artist 13,Rock,Sad
song_708,Title 708,Artist 41,Hip-Hop,Happy
song_709,Title 709,Artist 11,Hip-Hop,Energetic
song_710,Title 710,Artist 12,Classical,Energetic
song_711,Title 711,Artist 8,Classical,Happy
song_712,Title 712,Artist 12,Rock,Chill
song_713,Title 713,Artist 31,Hip-Hop,Happy
song_714,Title 714,Artist 21,Electronic,Chill
song_715,Title 715,Artist 14,Classical,Chill
song_716,Title 716,Artist 28,Rock,Chill
song_717,Title 717,Artist 16,Pop,Happy
song_718,Title 718,Artist 43,Electronic,Sad
song_719,Title 719,Artist 19,Electronic,Energetic
song_720,Title 720,Artist 23,Pop,Chill
song_721,Title 721,Artist 17,Classical,Energetic
song_722,Title 722,Artist 20,Jazz,Happy
song_723,Title 723,Artist 17,Jazz,Energetic
song_724,Title 724,Artist 29,Classical,Sad
song_725,Title 725,Artist 5,Rock,Happy
song_726,Title 726,Artist 29,Jazz,Sad
song_727,Title 727,Artist 8,Rock,Happy
song_728,Title 728,Artist 11,Hip-Hop,Happy
song_729,Title 729,Artist 38,Rock,Happy
song_730,Title 730,Artist 28,Rock,Happy
song_731,Title 731,Artist 25,Hip-Hop,Chill
song_732,Title 732,Artist 19,Rock,Chill
song_733,Title 733,Artist 45,Hip-Hop,Energetic
song_734,Title 734,Artist 33,Hip-Hop,Energetic
song_735,Title 735,Artist 40,Electronic,Happy
song_736,Title 736,Artist 38,Rock,Energetic
song_737,Title 737,Artist 20,Pop,Happy
song_738,Title 738,Artist 23,Electronic,Chill
song_739,Title 739,Artist 19,Electronic,Energetic
song_740,Title 740,Artist 32,Jazz,Happy
song_741,Title 741,Artist 1,Pop,Chill
song_742,Title 742,Artist 43,Hip-Hop,Energetic
song_743,Title 743,Artist 10,Rock,Sad
song_744,Title 744,Artist 17,Jazz,Sad
song_745,Title 745,Artist 37,Pop,Happy
song_746,Title 746,Artist 33,Classical,Sad
song_747,Title 747,Artist 11,Pop,Sad
song_748,Title 748,Artist 4,Pop,Happy
song_749,Title 749,Artist 35,Classical,Happy
song_750,Title 750,Artist 25,Classical,Energetic
song_751,Title 751,Artist 26,Hip-Hop,Energetic
song_752,Title 752,Artist 10,Hip-Hop,Energetic
song_753,Title 753,Artist 8,Classical,Happy
song_754,Title 754,Artist 40,Classical,Chill
song_755,Title 755,Artist 12,Jazz,Energetic
song_756,Title 756,Artist 33,Rock,Chill
song_757,Title 757,Artist 18,Pop,Sad
song_758,Title 758,Artist 4,Jazz,Happy
song_759,Title 759,Artist 17,Jazz,Chill
song_760,Title 760,Artist 19,Electronic,Happy
song_761,Title 761,Artist 46,Hip-Hop,Happy
song_762,Title 762,Artist 19,Classical,Energetic
song_763,Title 763,Artist 16,Jazz,Energetic
song_764,Title 764,Artist 47,Classical,Sad
song_765,Title 765,Artist 3,Hip-Hop,Chill
song_766,Title 766,Artist 11,Hip-Hop,Happy
song_767,Title 767,Artist 43,Electronic,Energetic
song_768,Title 768,Artist 11,Electronic,Sad
song_769,Title 769,Artist 25,Hip-Hop,Happy
song_770,Title 770,Artist 33,Pop,Sad
song_771,Title 771,Artist 43,Rock,Sad
song_772,Title 772,Artist 22,Pop,Energetic
song_773,Title 773,Artist 18,Jazz,Happy
song_774,Title 774,Artist 45,Pop,Energetic
song_775,Title 775,Artist 10,Pop,Chill
song_776,Title 776,Artist 19,Jazz,Happy
song_777,Title 777,Artist 45,Classical,Happy
song_778,Title 778,Artist 15,Jazz,Sad
song_779,Title 779,Artist 28,Rock,Chill
song_780,Title 780,Artist 49,Jazz,Sad
song_781,Title 781,Artist 27,Electronic,Sad
song_782,Title 782,Artist 39,Pop,Happy
song_783,Title 783,Artist 40,Classical,Sad
song_784,Title 784,Artist 39,Hip-Hop,Chill
song_785,Title 785,Artist 26,Electronic,Energetic
song_786,Title 786,Artist 6,Rock,Sad
song_787,Title 787,Artist 29,Jazz,Happy
song_788,Title 788,Artist 4,Jazz,Energetic
song_789,Title 789,Artist 1,Rock,Chill
song_790,Title 790,Artist 13,Jazz,Sad
song_791,Title 791,Artist 49,Classical,Energetic
song_792,Title 792,Artist 37,Rock,Sad
song_793,Title 793,Artist 7,Rock,Chill
song_794,Title 794,Artist 50,Hip-Hop,Energetic
song_795,Title 795,Artist 28,Hip-Hop,Happy
song_796,Title 796,Artist 34,Pop,Happy
song_797,Title 797,Artist 25,Classical,Happy
song_798,Title 798,Artist 45,Pop,Happy
song_799,Title 799,Artist 22,Hip-Hop,Happy
song_800,Title 800,Artist 25,Electronic,Sad
song_801,Title 801,Artist 26,Classical,Happy
song_802,Title 802,Artist 38,Rock,Sad
song_803,Title 803,Artist 17,Hip-Hop,Happy
song_804,Title 804,Artist 38,Classical,Chill
song_805,Title 805,Artist 21,Electronic,Happy
song_806,Title 806,Artist 1,Classical,Chill
song_807,Title 807,Artist 33,Hip-Hop,Sad
song_808,Title 808,Artist 30,Hip-Hop,Energetic
song_809,Title 809,Artist 20,Classical,Happy
song_810,Title 810,Artist 18,Electronic,Happy
song_811,Title 811,Artist 40,Classical,Chill
song_812,Title 812,Artist 27,Jazz,Sad
song_813,Title 813,Artist 12,Rock,Chill
song_814,Title 814,Artist 24,Pop,Happy
song_815,Title 815,Artist 32,Electronic,Sad
song_816,Title 816,Artist 43,Jazz,Sad
song_817,Title 817,Artist 31,Classical,Happy
song_818,Title 818,Artist 41,Classical,Chill
song_819,Title 819,Artist 26,Hip-Hop,Chill
song_820,Title 820,Artist 42,Hip-Hop,Happy
song_821,Title 821,Artist 22,Hip-Hop,Sad
song_822,Title 822,Artist 47,Electronic,Happy
song_823,Title 823,Artist 44,Electronic,Chill
song_824,Title 824,Artist 2,Classical,Happy
song_825,Title 825,Artist 31,Classical,Chill
song_826,Title 826,Artist 6,Classical,Chill
song_827,Title 827,Artist 21,Electronic,Sad
song_828,Title 828,Artist 1,Hip-Hop,Chill
song_829,Title 829,Artist 24,Pop,Happy
song_830,Title 830,Artist 11,Classical,Happy
song_831,Title 831,Artist 12,Jazz,Happy
song_832,Title 832,Artist 36,Hip-Hop,Happy
song_833,Title 833,Artist 31,Classical,Sad
song_834,Title 834,Artist 42,Electronic,Chill
song_835,Title 835,Artist 36,Rock,Happy
song_836,Title 836,Artist 27,Pop,Sad
song_837,Title 837,Artist 22,Jazz,Sad
song_838,Title 838,Artist 28,Jazz,Energetic
song_839,Title 839,Artist 34,Pop,Chill
song_840,Title 840,Artist 40,Rock,Happy
song_841,Title 841,Artist 35,Pop,Happy
song_842,Title 842,Artist 40,Rock,Chill
song_843,Title 843,Artist 4,Hip-Hop,Chill
song_844,Title 844,Artist 24,Jazz,Sad
song_845,Title 845,Artist 46,Jazz,Energetic
song_846,Title 846,Artist 30,Jazz,Chill
song_847,Title 847,Artist 45,Jazz,Energetic
song_848,Title 848,Artist 18,Electronic,Energetic
song_849,Title 849,Artist 36,Jazz,Sad
song_850,Title 850,Artist 30,Pop,Happy
song_851,Title 851,Artist 13,Hip-Hop,Energetic
song_852,Title 852,Artist 37,Classical,Chill
song_853,Title 853,Artist 27,Electronic,Sad
song_854,Title 854,Artist 15,Rock,Happy
song_855,Title 855,Artist 37,Hip-Hop,Chill
song_856,Title 856,Artist 27,Hip-Hop,Energetic
song_857,Title 857,Artist 43,Pop,Happy
song_858,Title 858,Artist 24,Classical,Sad
song_859,Title 859,Artist 2,Hip-Hop,Chill
song_860,Title 860,Artist 22,Rock,Sad
song_861,Title 861,Artist 1,Jazz,Chill
song_862,Title 862,Artist 8,Classical,Happy
song_863,Title 863,Artist 35,Jazz,Sad
song_864,Title 864,Artist 20,Hip-Hop,Energetic
song_865,Title 865,Artist 1,Hip-Hop,Energetic
song_866,Title 866,Artist 7,Hip-Hop,Chill
song_867,Title 867,Artist 27,Pop,Happy
song_868,Title 868,Artist 21,Jazz,Chill
song_869,Title 869,Artist 14,Electronic,Chill
song_870,Title 870,Artist 37,Pop,Happy
song_871,Title 871,Artist 6,Electronic,Sad
song_872,Title 872,Artist 37,Pop,Energetic
song_873,Title 873,Artist 17,Classical,Sad
song_874,Title 874,Artist 33,Electronic,Happy
song_875,Title 875,Artist 27,Classical,Sad
song_876,Title 876,Artist 11,Rock,Happy
song_877,Title 877,Artist 14,Electronic,Chill
song_878,Title 878,Artist 7,Pop,Energetic
song_879,Title 879,Artist 25,Classical,Happy
song_880,Title 880,Artist 42,Jazz,Energetic
song_881,Title 881,Artist 38,Rock,Sad
song_882,Title 882,Artist 27,Pop,Chill
song_883,Title 883,Artist 21,Pop,Chill
song_884,Title 884,Artist 21,Jazz,Chill
song_885,Title 885,Artist 46,Rock,Energetic
song_886,Title 886,Artist 18,Pop,Sad
song_887,Title 887,Artist 6,Hip-Hop,Sad
song_888,Title 888,Artist 30,Jazz,Energetic
song_889,Title 889,Artist 21,Jazz,Chill
song_890,Title 890,Artist 9,Jazz,Sad
song_891,Title 891,Artist 20,Classical,Chill
song_892,Title 892,Artist 36,Rock,Chill
song_893,Title 893,Artist 38,Pop,Chill
song_894,Title 894,Artist 17,Pop,Energetic
song_895,Title 895,Artist 45,Jazz,Chill
song_896,Title 896,Artist 36,Rock,Happy
song_897,Title 897,Artist 40,Rock,Happy
song_898,Title 898,Artist 24,Pop,Sad
song_899,Title 899,Artist 20,Electronic,Chill
song_900,Title 900,Artist 40,Classical,Chill
song_901,Title 901,Artist 32,Classical,Chill
song_902,Title 902,Artist 41,Hip-Hop,Happy
song_903,Title 903,Artist 39,Classical,Chill
song_904,Title 904,Artist 48,Electronic,Sad
song_905,Title 905,Artist 44,Classical,Energetic
song_906,Title 906,Artist 46,Rock,Energetic
song_907,Title 907,Artist 22,Jazz,Energetic
song_908,Title 908,Artist 49,Pop,Chill
song_909,Title 909,Artist 18,Hip-Hop,Chill
song_910,Title 910,Artist 37,Electronic,Chill
song_911,Title 911,Artist 22,Electronic,Happy
song_912,Title 912,Artist 39,Jazz,Energetic
song_913,Title 913,Artist 21,Hip-Hop,Happy
song_914,Title 914,Artist 5,Pop,Sad
song_915,Title 915,Artist 23,Jazz,Happy
song_916,Title 916,Artist 40,Rock,Chill
song_917,Title 917,Artist 28,Classical,Energetic
song_918,Title 918,Artist 9,Rock,Happy
song_919,Title 919,Artist 6,Jazz,Sad
song_920,Title 920,Artist 28,Rock,Energetic
song_921,Title 921,Artist 42,Pop,Energetic
song_922,Title 922,Artist 45,Hip-Hop,Energetic
song_923,Title 923,Artist 19,Pop,Energetic
song_924,Title 924,Artist 28,Hip-Hop,Energetic
song_925,Title 925,Artist 49,Rock,Energetic
song_926,Title 926,Artist 28,Rock,Energetic
song_927,Title 927,Artist 46,Electronic,Sad
song_928,Title 928,Artist 19,Jazz,Energetic
song_929,Title 929,Artist 3,Electronic,Energetic
song_930,Title 930,Artist 37,Pop,Chill
song_931,Title 931,Artist 37,Electronic,Happy
song_932,Title 932,Artist 37,Hip-Hop,Energetic
song_933,Title 933,Artist 25,Hip-Hop,Chill
song_934,Title 934,Artist 23,Hip-Hop,Sad
song_935,Title 935,Artist 43,Electronic,Energetic
song_936,Title 936,Artist 3,Jazz,Sad
song_937,Title 937,Artist 20,Hip-Hop,Chill
song_938,Title 938,Artist 33,Hip-Hop,Sad
song_939,Title 939,Artist 11,Hip-Hop,Happy
song_940,Title 940,Artist 6,Pop,Energetic
song_941,Title 941,Artist 38,Pop,Energetic
song_942,Title 942,Artist 4,Hip-Hop,Sad
song_943,Title 943,Artist 43,Hip-Hop,Chill
song_944,Title 944,Artist 6,Pop,Happy
song_945,Title 945,Artist 34,Electronic,Sad
song_946,Title 946,Artist 1,Rock,Happy
song_947,Title 947,Artist 18,Jazz,Sad
song_948,Title 948,Artist 29,Rock,Sad
song_949,Title 949,Artist 23,Classical,Energetic
song_950,Title 950,Artist 40,Hip-Hop,Sad
song_951,Title 951,Artist 1,Electronic,Energetic
song_952,Title 952,Artist 9,Hip-Hop,Happy
song_953,Title 953,Artist 37,Classical,Chill
song_954,Title 954,Artist 47,Classical,Sad
song_955,Title 955,Artist 46,Rock,Sad
song_956,Title 956,Artist 21,Jazz,Happy
song_957,Title 957,Artist 44,Hip-Hop,Chill
song_958,Title 958,Artist 22,Hip-Hop,Sad
song_959,Title 959,Artist 16,Electronic,Chill
song_960,Title 960,Artist 21,Rock,Chill
song_961,Title 961,Artist 32,Pop,Sad
song_962,Title 962,Artist 37,Rock,Energetic
song_963,Title 963,Artist 8,Electronic,Happy
song_964,Title 964,Artist 22,Hip-Hop,Sad
song_965,Title 965,Artist 34,Electronic,Happy
song_966,Title 966,Artist 19,Electronic,Chill
song_967,Title 967,Artist 4,Jazz,Sad
song_968,Title 968,Artist 17,Classical,Chill
song_969,Title 969,Artist 29,Classical,Sad
song_970,Title 970,Artist 2,Pop,Chill
song_971,Title 971,Artist 1,Rock,Sad
song_972,Title 972,Artist 24,Pop,Sad
song_973,Title 973,Artist 32,Pop,Happy
song_974,Title 974,Artist 25,Hip-Hop,Happy
song_975,Title 975,Artist 50,Classical,Happy
song_976,Title 976,Artist 13,Electronic,Energetic
song_977,Title 977,Artist 23,Pop,Energetic
song_978,Title 978,Artist 5,Electronic,Sad
song_979,Title 979,Artist 21,Pop,Happy
song_980,Title 980,Artist 41,Rock,Happy
song_981,Title 981,Artist 35,Hip-Hop,Happy
song_982,Title 982,Artist 42,Jazz,Chill
song_983,Title 983,Artist 2,Hip-Hop,Chill
song_984,Title 984,Artist 15,Electronic,Energetic
song_985,Title 985,Artist 40,Jazz,Energetic
song_986,Title 986,Artist 35,Classical,Chill
song_987,Title 987,Artist 35,Pop,Happy
song_988,Title 988,Artist 28,Hip-Hop,Energetic
song_989,Title 989,Artist 6,Rock,Sad
song_990,Title 990,Artist 45,Pop,Sad
song_991,Title 991,Artist 48,Classical,Energetic
song_992,Title 992,Artist 48,Rock,Happy
song_993,Title 993,Artist 9,Classical,Chill
song_994,Title 994,Artist 40,Pop,Sad
song_995,Title 995,Artist 36,Pop,Chill
song_996,Title 996,Artist 35,Jazz,Sad
song_997,Title 997,Artist 23,Electronic,Happy
song_998,Title 998,Artist 22,Rock,Energetic
song_999,Title 999,Artist 24,Rock,Energetic
song_1000,Title 1000,Artist 50,Jazz,Sad
